id,date,amount,reference,description
BK-01,2026-09-02,15000.00,INV-501,ACH CREDIT ACME CORP
BK-02,2026-09-06,-2500.00,PAY-301,ACH DEBIT BETA SUPPLIES
BK-03,2026-09-11,1200.00,DEP-88,BRANCH DEPOSIT
BK-04,2026-09-13,7000.00,INV-510,WIRE IN OMEGA HOLDINGS
BK-05,2026-09-15,-850.00,PAY-305,ACH DEBIT KAPPA LTD
BK-06,2026-09-18,1250.00,PAY-307,ACH CREDIT LAMBDA REFUND
BK-07,2026-09-20,5240.00,INV-520,ACH CREDIT SIGMA
BK-08,2026-09-23,3099.40,INV-525,FX WIRE IN TAU GMBH
BK-09,2026-09-24,7650.00,INV-530,ACH CREDIT UPSILON
BK-10,2026-10-03,22000.00,INV-540,WIRE IN PHI INC
BK-11,2026-09-30,-45.00,FEE-0930,MONTHLY SERVICE FEE
BK-12,2026-09-30,12.34,INT-0930,INTEREST CREDIT
